"","Factor1","Factor2","Factor3","Factor4","Factor5","Factor6","Factor7","Factor8","Factor9","Factor10"
"M-AA-1",-1.81641466233566,-0.902398851437594,1.45839878080613,0.579929587082377,0.397441923795591,-0.411123057881807,0.686073716776864,-0.756474857468746,-0.317317542395557,0.150864796184795
"M-AA-2",-3.05500009395533,-0.604508836732048,-0.122411657842398,0.849319013396395,-0.365561672180078,-0.176434542451953,1.36270250864108,-0.248028247420368,-0.149373540836385,-0.118817984797317
"M-AA-3",-4.04102711487754,-0.693510786872427,0.257237089784731,1.05688962026103,-0.55279594437364,-0.205850074496214,0.714349305324885,-0.272040254075086,0.306331829651903,0.135064583475076
"M-AA-4",-4.29252637900654,-0.657250204759676,0.0164598309259284,0.939953952194735,-0.526317701269793,-0.142713845207044,0.879803769599989,-0.270636204872225,0.398614267581535,-0.0120784165993017
"M-AA-5",-3.01610095009962,-0.526921524972105,0.839896395423448,0.89576615975986,0.0875080782981636,-0.0145073742303247,2.48012208196374,-0.113215056019022,-0.0428285348714211,-0.162148883416391
"M-AB-1",1.58742289190127,-1.08670822351887,0.473585920531207,-0.296406879096423,-1.64188875564438,0.0745607815890541,-0.403831833882213,-0.287052043242688,-0.37315905185833,0.417424622242666
"M-AB-2",0.650594132475911,-0.961686966439836,1.73315864835926,0.109512352550816,-0.400017299085428,-0.0355216263359735,-1.35126165806335,0.359795822938731,-0.227642235811663,0.800583344597768
"M-AB-3",-0.426591013021326,-0.62398354769442,0.108111864518706,-0.658803182601134,-1.17590468121484,0.0670646259861662,-0.840542204911723,0.206065863067146,-0.288229375281293,-0.163199169562514
"M-AB-4",0.00617302033450072,-0.611866950855739,0.395021705680975,-0.692972388360653,-1.27520318588668,0.0521733324239972,-0.824159269098607,0.402054230355336,-0.285311826145273,0.477809921892747
"M-AC-1",2.03209995083593,-0.928985675202671,-0.0749430093519312,0.452943980911248,-2.70766034237537,-0.181144574497938,1.07144391796524,-0.142632628438672,-0.373532789646547,0.143203459131629
"M-AC-2",2.14395742051565,-0.829857361708526,-0.472382629568706,0.899131597346822,-2.81948155788516,-0.141382884155463,0.591865990689854,-0.0779666015044857,-0.054231023590054,0.171723865251664
"M-AC-3",-0.852644161723755,1.17443041481967,-0.606206089185027,0.871699777037395,-0.244452355207594,-0.259002016738348,0.0170308217802688,-0.106976858819843,0.303297562084062,-0.258568411692951
"M-AC-4",-0.770069229912678,-0.416228712290045,-0.756545792587775,0.765237357592282,-0.848388804562904,0.031190986433941,-0.669079340329723,0.327974646417309,-0.146452955595816,0.00513263179125602
"M-AC-5",-1.36943226075195,1.04952735565508,-1.25989768507618,0.662620061667753,-0.0167081394607468,0.189576735410351,0.009950046168722,-0.00354410271620435,-0.000810667559752147,-9.34824457834817e-07
"M-AC-6",-0.612127330967242,0.380345724316859,-0.581639087963111,0.225748661289891,-0.110309559876586,-0.512066981020867,-0.00146281096617304,-0.00222167897888752,0.00050335621598146,0.000610315186785129
"M-AC-7",-1.64525102779909,1.28395562936391,0.309695722900785,1.05222149472355,-0.619200407688524,1.35259127416818,0.0159605284452799,-0.00126580275690908,-0.00105649996557122,-0.000111439229758145
"M-AC-8",-1.31398779173261,0.935066845938575,-0.680965260541577,0.225461873526511,-0.562287873229133,-0.534081082295536,0.00168514914717789,-0.000889251380664202,-0.000120000534177929,0.000294659058717496
"M-AD-1",2.21467854858945,-0.813171695076152,-1.00956403281003,-1.12281569123439,-0.728738074705949,-0.00702830094930496,-0.537211478375232,-0.243477511433888,-0.335832725359015,0.157301801333863
"M-AD-2",-0.857978983659502,1.40652248560585,-1.0253223572275,0.913425652052687,-0.310765856419136,-0.023086496897838,-0.846710682091065,0.132676849535759,-0.000568317893062278,-0.227235548564023
"M-AD-3",-0.66529176361671,-0.587626420902551,-0.320951969753945,0.0737451737928716,-0.527592293884689,0.076212251182417,-0.619354375736301,0.32866518167883,-0.207586648649827,0.152106912769092
"M-AE-1",-0.32777347504181,-0.665940860331911,0.112451763464592,-1.72462396671522,0.246285880387669,0.107615704396697,-0.105794347689701,0.98549097677195,-0.248746358575187,-0.226477930750504
"M-AE-2",0.943137060309102,-0.562927571761506,-0.34982642504249,-0.372621265010067,1.52726336335252,-0.0513653993488715,-0.0727215812425279,0.39949851152869,0.593341613771783,0.32495762509754
"M-AE-3",-0.159491099177519,-0.556337617520683,0.192544900406112,-0.861079954593585,0.671221911957943,0.0911640923693934,0.430960129975148,0.747065992594833,-0.245101620813163,-0.170684158074849
"M-AE-4",-0.298201755312168,-0.938853627034428,0.336096264100858,-1.28618733768902,-0.00529177529634594,-0.0391359945691678,0.749086381007733,0.781815931494744,0.0849763657489178,-0.0360428557547508
"M-AF-1",1.38873312216708,-0.857860551376335,0.273035682294442,1.05673945844428,0.96646172882963,0.189617220412221,0.452302462110363,-0.814130486790494,0.19805193743493,0.586935907019598
"M-AF-2",0.329313110979153,-0.869917386310349,0.172639005928899,0.87587906925032,1.39795246089549,0.21179792968411,0.11082162988577,-0.466636496258527,0.440796781804207,0.39371612919065
"M-AF-3",-0.488980430072656,-1.12458287870432,-0.332162149732993,-0.633273551333979,-0.32129210132538,0.184196124780152,-0.217621670629286,-0.211576404095317,-0.190793119190004,-0.0410537156392133
"M-AF-4",-0.28328109625518,-0.62345558997347,0.335052384627103,0.0858416667869734,-0.411619363879885,0.11769590386838,-0.531029466706857,0.472555643930841,-0.0719487633226626,-0.0892822231555959
"M-AG-1",2.35573169205052,-0.680785176191479,-1.50466718725631,1.26622102459094,-1.08210611612247,-0.185175542187265,1.50172347628006,0.140188657942811,0.174198165745463,0.142223632102579
"M-AG-2",-0.0780281397164376,-0.547386461550375,-0.554899085243004,0.418472303229562,0.832648373443805,-0.136254155241127,-0.607932823674181,0.188939740677387,0.426320784623834,-0.258120159144334
"M-AG-3",-0.715922596000711,-0.48146947297801,-0.637044676781668,0.126843814159653,-0.38421965941735,0.0107988535364183,-0.421106816792504,0.0213383521030508,-0.0262053249845602,-0.168687341904143
"M-AG-4",-0.879438304717754,-0.29683391835907,-0.967067716801481,0.501387913585988,-0.313741126895207,0.0243879139846363,-0.45197498767802,0.0111472375266216,0.121145721092684,-0.0855343026479806
"M-AG-5",-0.797231556949409,-0.472737706237844,-0.784641336905377,0.362298548581205,-0.474496888262958,-0.0606976361903612,-0.555846570610059,0.152724883262648,0.0604908233899855,-0.209974596315784
"M-AG-6",-0.751890189649988,-0.86052653119997,-0.734489882131858,0.0937003033581539,-0.530335253027475,0.136713845713793,-0.133733057385508,0.104775984000961,-0.245456149389598,-0.127352762633264
"M-AH-1",0.570127620206017,-1.02383186522008,0.957796625341655,-0.505608597527923,0.466458471154047,0.0836764964084336,0.651098833875923,0.498095846736131,0.0507780222978435,0.143804013368934
"M-AH-2",-0.731996839830477,-0.280314041360508,-0.879534867223484,0.259151658825758,-0.385858148061209,0.0358944445020774,-0.193081120682142,0.154426874356994,0.183665062036372,-0.0424070441638283
"M-AH-3",-0.768579498932923,-0.577749031238999,-0.874075600781035,0.628421736783245,-0.179605513242402,-0.194369146916504,0.62650758629323,0.114116078740073,0.260595141190522,-0.25345951043786
"M-AH-4",-0.820858789943092,-0.64693469221886,-0.886804872012181,0.410709373364019,-0.404181493202004,0.0652276542988443,-0.387912979697174,0.0897830391660086,-0.0930071124095005,-0.174524510764793
"M-AH-5",-0.621827935817734,-1.19415942538221,-0.532081646836619,0.745379169046676,0.22995295796829,-0.323808854661585,2.29766690059014,0.26447766923027,0.26785307987801,-0.295537436626887
"M-AH-6",-0.038803387418654,-0.305977444739142,0.828871794046438,-0.306941243278143,0.467646437001938,0.118920917794683,0.0168495636640901,0.196719347926609,-0.258917430014547,0.0590243298754747
"M-AI-1",-0.895761811705256,-0.368511460454138,-0.512250055363647,-0.128014359179714,-0.224345420021556,0.0492909527643286,-0.543245450566888,0.583873355687001,0.451413074440224,0.117765605743011
"M-AI-2",0.919660690417942,-0.703312453943168,1.94406625123024,3.00122324367747,0.437694972185709,-0.087354194659681,-0.827942264341089,-0.196755188715148,-0.0386830875827805,0.20478035800416
"M-AI-3",-0.362235220793189,-0.536196515432134,-0.548528622799262,0.788309800137725,0.537998126873555,-0.468315763721148,-0.0604985513623687,0.2995546837066,0.571250026428641,-0.368092926682894
"M-AI-4",-0.0568432993643233,-0.21148558419844,-0.25184943384467,0.134560608766927,-0.433212806820375,0.182117840432311,1.01950441059439,0.061570398960039,-0.0283540950495967,0.0393709431410268
"M-AI-5",-0.477787347175934,-1.17576292724979,-0.185056824703631,-0.013074120970981,-0.221576811183917,0.096612176005835,-0.348175958446928,0.177080997679434,-0.0875660010968958,-0.0642106797616651
"M-AI-6",-0.636577632788724,-0.693479723354057,-0.412157317518757,0.572937764419677,-0.207486843885951,-0.162194522814996,-0.409223128057161,0.18424120031747,0.189365781489918,-0.215611153483008
"M-AI-7",-0.56923034457267,-0.176304991653582,-0.290687984055059,0.582635229496029,-0.0312520339324131,0.0457504278284245,0.286632993512603,0.674273801280447,0.575167006345482,-0.0331199463872662
"M-AJ-1",1.47544740761052,-1.13671969457678,-0.897455509911412,0.470955154469685,3.05251937453565,0.020628274320261,1.89041851168592,-0.0129981700843095,-0.0229420699974214,-0.0131633026594731
"M-AJ-2",1.38861865177943,-1.02079811216545,-1.06433225675778,0.306720585609839,3.31840134356138,-0.0871746931101434,1.61356695320623,0.174051816580221,0.241256105357361,-0.106223930589152
"M-AJ-3",0.653169266966198,-0.913414300716878,-0.793051662861876,-0.782238003889595,3.40768127238937,-0.254648783356594,2.8561951641892,-1.43442759892321,0.387691373497622,-0.159513478807019
"M-AJ-4",-0.533894405963893,-1.12434313235554,-0.531866670439901,-0.350449898901,-0.260234672226589,-0.0601263712846486,0.396709749750686,-0.136086407492004,0.111312150093464,-0.181899180593238
"M-AK-1",-0.588020186171022,-0.182906649594326,-0.582126935859793,0.540781555090378,-0.429280760990038,0.0306732006315504,-0.283108889996124,0.45006994209122,0.595615674121887,-0.0314665826465979
"M-AK-2",-0.790188570290662,-0.594505021596845,-0.78201874284523,0.693813312711495,-0.271716763952657,-0.225845058913981,0.210503438390822,0.220231821025016,0.275929897696249,-0.267882110396685
"M-AK-3",-0.691899043345318,-0.272337553478595,-0.776139766476682,0.623893841584468,-0.615501922198018,0.0436865287419214,-0.287700515879,0.341092905832596,0.31357371526187,-0.0533595353691765
"M-AK-4",-0.869168338062327,-0.476825270742708,-0.997149814259606,0.404047329626769,-0.431402813003717,0.165735134967148,0.291797712527741,0.0447851071895601,-0.194644724624101,-0.148709579132746
"M-AK-5",0.425774378012591,-0.0796630478676389,2.52538170081119,3.52291162753087,0.82552697491104,-0.877434086742292,1.20892351414407,0.743543623975357,1.24843663552845,-0.111367483235267
"M-AL-1",2.46213371084609,-0.798034430570123,-2.53846917597487,-0.253721033039248,1.37959398202454,-0.0500210635395339,0.0918251972473894,-0.521348495092786,0.388620781348292,0.284003117518674
"M-AL-2",2.25648589101629,-0.962179743576497,-2.78648039690332,-0.067847052886397,3.85078695909861,-0.175649112734967,-5.23278379618492,0.21706546699447,0.205945987935421,-0.1663494499395
"M-AL-3",1.22444483624721,-0.63605243221534,-3.09558686108833,-0.746907716997219,4.45891457256827,-0.425969862807138,-0.803701336821455,0.389543473227308,0.584433402175458,-0.435366282502732
"M-AL-4",0.34453109975654,-0.677948214768512,-0.879290170270246,0.273715145155703,1.95369405646719,-0.108232644314033,-0.236693219113863,-0.378398354697765,-0.109297288016507,-0.253319715143083
"M-AM-1",1.79362585169409,-1.03542697197577,-1.58033287137043,0.00188302728928446,1.33955544437452,-0.341002094718606,1.86055517990769,0.811953659127201,-0.223358361982692,-0.0712401237043708
"M-AM-2",1.813886193467,-1.06845206601256,-1.32049695926601,0.411229847602937,1.20836929934422,-0.337675009255489,1.52747412909863,0.446197040356312,-0.314060960173086,-0.0731953485402417
"M-AM-3",-0.790765220177384,-0.229065639185384,-0.962457304022573,0.378161936910377,-0.620860525326273,0.0470843152325108,-0.474160979787641,0.128151633778486,0.420673697173453,-0.0860386633608252
"M-AM-4",1.04666631524691,-0.298591320316366,-1.41664399433965,-0.700934342319354,-0.721462131357483,-0.141303500591826,0.0248880052812159,0.182536632446719,-0.235185447987221,-0.287661583951031
"M-AN-1",0.503175304940428,-0.728327007540774,1.3071165250513,0.979886924682707,3.1090298419888,0.165708224217485,1.31884995441573,0.0858111447774608,0.440836288009646,0.164642894425146
"M-AN-2",0.657822496445881,-0.718927163814565,0.842706877148729,0.745940841316088,2.81083366277153,0.164021145664915,1.12525064029401,-0.229809826933426,0.120841728624854,0.108765353224429
"M-AN-3",-0.908476076199804,-0.279402117633885,-0.96649859101281,0.189057937663388,-0.391704104235294,0.0450643826062392,-0.309626997347514,0.026169421203659,0.225758710056204,-0.0770327147679811
"M-AN-4",-0.85829901653954,-0.161296572309695,-0.922085475273912,0.420697079750795,-0.0642104189056009,0.0423402840915105,-0.100849265205489,0.0663727555490316,0.599724728238309,-0.0393279683601399
"M-AN-5",-0.431078969053833,-0.294888920073208,-0.633676381730686,0.642478416862547,-0.399618705910193,0.0235464454046428,-0.206677522513924,0.0293342062852956,0.15225772712209,-0.135203707192009
"M-AO-1",0.835691433177113,-0.813948024903277,0.588630255687119,0.549787072760615,1.65111778492876,0.163480057726341,0.55876571689458,-0.899519821757236,-0.0817758713347375,0.0312244151560693
"M-AO-2",-0.691513102117924,-0.147183572681818,-0.768900392188104,0.503396301023033,-0.00778949655856637,0.0506680827885887,0.045404944163145,0.10815262415341,0.819066918221548,-0.152184035463302
"M-AO-3",-0.753995363248267,-0.0148380456073888,-0.652035739759132,0.405222445701878,-0.0855209832226864,-0.122764540315572,1.59345215014926,0.333626825238577,0.246085056081725,-0.166837185358913
"M-AO-4",-0.745755895795675,-0.924438120117163,-0.706229559361133,0.206118874200847,-0.438156265250175,0.0834759992871694,0.251537176808697,0.0796913132024765,-0.0630506961594687,-0.149952693221668
"M-AO-5",0.380798524600664,-0.698375356528528,0.0132978618566652,0.462257404247063,0.998124362119814,-0.0851861956513812,0.603135276298205,-0.269957789706499,0.236382399341559,-0.0572113787754056
"M-AP-1",2.33776670087994,-1.0523239885757,-1.18867703712264,1.01157527274017,0.0803753260477149,-0.14388417764004,2.97050530537028,-0.782556072470786,-0.287679991506707,-0.0876826551323138
"M-AP-2",0.558497628672398,-0.817073215087394,0.380615838925468,0.354632011981472,0.755898559899031,0.0382986931820233,-0.209042743121558,-0.790355481478506,-0.253272940530388,0.320808147024838
"M-AP-3",0.320826042075116,-1.10094887185958,-0.374182316350233,0.318137138465005,1.30534655486402,0.0758253165575329,0.281698159364013,-0.7534414551637,-0.106056233117595,0.56829703256318
"M-AP-4",-0.860189737064158,0.906006273024683,-0.825864323882415,1.09291544775369,-0.178468062073875,-0.384948659233761,-1.06031934673119,0.325931790879554,0.0539641656149886,-0.300455710210124
"M-AP-5",-0.799861738440782,-0.821183358151373,-0.787523361792177,0.45190779135365,-0.174123911327831,-0.098305889996159,2.0113063874206,0.252957213653935,0.0934729778589927,-0.242129990943593
"M-AP-6",-0.709923699722981,-0.115834014648818,-0.777114989127949,0.631394338355851,-0.549026258616635,0.0413280584811594,-0.426917575917196,0.108716484378446,0.910606637022803,-0.151513324084833
"M-AQ-1",1.13484312503401,-1.08378779880307,-0.733568159309689,0.11242065953149,0.855773879247551,-0.175245681797911,-0.00573819526949115,-0.00639131162735344,0.000679224417776182,-0.000324724771409629
"M-AQ-2",-0.470433865435589,-0.132739866641071,-0.0990554018940266,0.382416416745907,-0.124633638448617,-0.0651452789072858,0.58819559745556,-0.0185660614037303,0.0938543887692966,-0.122670462562264
"M-AQ-3",-0.561413590575539,-1.02793015440246,-0.227927335368641,0.171870019332379,-0.208615924914188,0.0324157563307974,0.0588527797824248,0.0382626128839711,-0.0533506110907096,-0.0977822798285559
"M-AQ-4",-0.672429909328048,-0.620052053001161,-0.605220018953877,0.533428642266751,-0.0733847401703889,0.0509236300221882,1.26466387090863,0.0187841814957808,0.0213600848463531,-0.142403926573867
"M-AQ-5",-0.303200800176943,-0.581196004400894,0.307987546878906,1.14100958617115,0.798721610606529,-0.445231234500455,-0.110951458289109,-1.24269295188384,0.366948160120643,-0.130746117322491
"M-AR-1",0.301058233494844,-0.685287374723591,0.744249465555137,0.227298105474442,-0.336888250732341,-0.00286234896165975,-0.867688978079462,0.341728979521517,-0.159357393757551,-0.176509436649431
"M-AR-2",0.994110538702567,-0.687067874937838,0.429710455189195,-0.101151542507404,0.209105735040695,-0.0254591035463166,-0.448465144247302,0.817534110863798,-0.146134237491593,0.0513031182639878
"M-AR-3",-0.862096514844591,1.48766202323571,-0.957446099859534,0.91196188224016,-0.422994567430006,0.00434975699990029,-1.61165750372203,0.103687802975427,-0.0860065033571004,-0.197007858378553
"M-AS-1",2.17720883887677,-1.02105577275161,-1.75765845676733,-1.01743960096548,-0.722040445918305,0.11631349742486,-0.112394977200717,-0.695721767327817,-0.339897705011259,0.0195231493688244
"M-AS-2",1.95246738004513,-0.991663900047327,-2.38644267616998,-1.1725501324463,-0.0516136004936492,0.0555708672653692,-0.189508988252896,-0.543376554411342,-0.38411346276594,0.228237600015395
"M-AT-1",0.876244991135795,-0.943423614275885,-0.0707305301780441,-0.778660612377271,-0.0220431752668585,0.122199022474628,-0.149674397988395,-0.166563370220681,-0.260397543863873,0.146569802843462
"M-AT-2",-0.524964489410589,-0.49001509093027,-0.213121804927212,-0.816558889127522,-0.833979008954166,0.0486658058851398,-0.602256545858803,0.274550362111906,-0.173386744711931,-0.172469996551543
"M-AU-1",-0.417436319798257,-0.747632008963164,1.07873718464757,-1.46813000643307,0.0524721087234514,-0.0907590898236079,-1.33361990665339,0.468562147197777,-0.235045780789314,-0.220971342076507
"M-AU-2",-0.494425259919736,-0.530714430929192,0.307773390936431,-1.25401471478363,-0.562196913527793,-0.0799349496112991,-1.05551850787695,0.739966715710826,-0.244936877677378,-0.181647841135055
"M-AV-1",-0.735767891498428,0.0541633027628175,-0.365122800765448,0.784077627715343,-0.375726343106804,-0.259318330755997,-0.357381624965272,0.237766500621714,0.310307376348419,-0.219194688379201
"M-AW-1",1.94657294162239,-0.930591927841655,-1.86683159025123,-0.470380798933456,-0.483172871963139,-0.137431045988074,2.36144123701926,-0.25173937758093,0.0444042539924145,0.2590502830125
"M-AW-2",2.45131820179825,-1.14425521906989,-2.38617026263535,-0.270872419060826,0.725349421062082,-0.256249040336207,2.07064805233633,-0.316689663230556,-0.268425568669955,-0.109897845133587
"M-AW-3",0,0,0,0,0,0,0,0,0,0
"M-AW-4",0,0,0,0,0,0,0,0,0,0
"M-AW-5",-1.0198292867147,-0.345710193229334,-0.733610474267853,0.517892613872251,-0.464947523175415,0.0310966231116496,-0.235626053065463,0.340247790121168,-0.126401062381521,-0.0841610434912177
"M-AX-1",0,0,0,0,0,0,0,0,0,0
"M-AX-2",0,0,0,0,0,0,0,0,0,0
"M-AX-3",0,0,0,0,0,0,0,0,0,0
"M-AX-4",0,0,0,0,0,0,0,0,0,0
"M-AX-5",0,0,0,0,0,0,0,0,0,0
"R-AB-3",-0.799127900962187,0.498461505046857,-0.738017323370516,0.577610023059598,-0.452141840757567,-0.0450833310970563,-0.467635412377388,0.131332796964536,0.0455716066281075,-0.200240479331261
"R-AB-4",-0.259553507978942,0.855852136268647,-0.943680290959727,0.540318905196622,0.0184007576523342,-1.25561893578477,0.00123233407998722,-0.00131869382687821,7.30280240714156e-05,0.000253026818185975
"R-AB-6",-0.499732777760978,0.904606790544847,-0.390104863069805,0.550959821111249,-0.451707822733091,0.0334597333014941,-0.155415196573154,0.300737904294079,0.744451793081936,-0.149961532304754
"R-AC-1",2.97781675774982,0.0903063385850839,-1.17869080244239,-0.614701885703141,-1.94678029223977,0.0273265378031288,-0.846091925720911,0.0616298777742613,0.493383844639555,0.0425647414368961
"R-AC-2",2.73418768847606,-0.172487809635054,-1.1270569414415,-0.827135693369516,-0.915446788444659,0.00885794174633345,-0.805385205793039,-0.0141485430726474,-0.177625919781598,-0.118991413128106
"R-AC-3",-0.723175439662529,-0.0123012951640817,-0.399896370356887,-0.419020067382741,-0.625056141768817,-0.030334241855406,-0.86774176826863,0.535634271372595,0.0211453549958162,-0.162959090998231
"R-AC-4",0.316035136765065,-0.0447934446024687,-0.50076220852609,-0.444359150299583,-1.03551354441751,0.0142053430967932,-0.456526185888234,0.344952041906918,0.170055648787924,-0.15163513062951
"R-AC-5",0.522902605678685,-0.0499574181678112,1.11647657973635,-0.269729879069907,0.182613282099539,-0.462354244602867,-0.00412364810303947,0.00143610555510089,-0.000208107123821103,-3.5665417486972e-05
"R-AC-6",1.39476387502962,-0.14958230851832,-0.490586904419312,-2.33343224669772,-0.359245857296305,0.257979962814072,-1.16859746779765,-0.250131473067955,-0.127720064561835,0.105060534923342
"R-AD-1",0.58566695413491,0.178019717656551,0.9567388504222,0.368763919703195,0.0755714627589913,0.024804453571355,-0.0739010912309896,-0.612456969402316,0.371656886173849,-0.189860032801401
"R-AD-2",1.24413716919545,-0.237416020671179,0.0791014550181926,-0.205414713321034,-0.332919498850582,-0.739695616422352,0.00511047825519965,-0.0038286803401399,-0.000545073641744336,8.83737719950938e-05
"R-AD-3",0.107417987022067,0.390188117915828,1.13681667461529,0.0812832721221235,0.0718680798523375,0.0307769864833108,-0.302062247194444,-0.11356805887604,0.38150306829854,-0.219500136115096
"R-AD-4",0.666363237079263,-0.0439726738529631,0.215877204891817,0.293527648212436,-0.554585242707687,-1.35596481182475,0.00504913072465373,0.000486251329876739,-0.000538929035698455,0.000235260081140936
"R-AD-5",-0.254005749879531,0.492602570330543,0.990339025847361,0.104200893030029,-0.158021697817461,0.0427207502451355,-0.346510157659152,-0.0900472834037596,0.643935592757407,-0.209034263948014
"R-AD-6",0.1223109259031,0.304631298480858,1.19992127263477,-0.72405438190566,0.656993239181392,-0.229673128709016,0.295004430799513,0.300801088090042,0.368411760257044,-0.00859760556201389
"R-AE-1",0.811368171668608,-0.0725655264675298,1.36411950762671,-1.76760842849881,0.320555460455971,0.0382480956712079,0.205375877688415,0.604794571682426,-0.100361523834944,0.313279986028796
"R-AE-2",2.04580731482558,0.480217861751939,0.451892921171167,-1.49065121714804,0.0680196552699554,-0.0270785563685161,-0.367279559424701,0.152203223082105,0.140879818202633,-0.373293205940938
"R-AE-3",0.876662728327825,-0.0121247195412073,1.92548825217915,-1.92704124059053,-0.334235914503468,-0.0388717323612138,-1.01687749810173,0.672429281599836,0.0253467733512697,0.382210874298462
"R-AE-4",0.724726273265274,-0.303804694872108,1.88767068690055,-0.282288409075914,-0.301185657090763,-0.401218210732296,0.00117173482111615,0.00288132107256047,-0.000126874045709144,7.43395406846125e-06
"R-AE-6",0.345196950748948,-0.327227540233105,0.714406500559699,-2.36403923169043,0.469287271642259,0.0938514009083615,-0.337543419389861,0.345466493884849,-0.179945484969844,0.0732169648236996
"R-AE-7",0.556551733102524,0.105756567539268,0.138520809443496,-0.752010349656343,0.434850426998644,0.0931755882696971,0.0457548910661774,0.25035139721597,-0.432566595322312,-0.30491422917917
"R-AF-1",2.47162385970455,-0.290322784179568,-0.57187166402243,1.12166653833523,-1.24062655529186,0.0370011209186779,-0.00069620712299459,-0.127605935637879,0.161652830309934,16.747865117925
"R-AF-2",1.93610538357483,0.319981736069911,-1.17887043666626,0.315769333333923,-0.370084447748055,0.787148896422741,-0.0011422761006956,-0.00559466154561077,-0.000334377311523502,0.000163808487878941
"R-AF-3",1.84134677940257,-0.416448641430051,0.0961565831702187,0.362066930959386,-1.51469682619566,0.376011998075779,-1.33661037622257,-0.323591520271552,-0.122999993602525,0.510415856408676
"R-AF-4",-0.720417149781123,-0.0391934628172777,-0.373772284409923,-0.297542072743818,-0.533421827567679,0.068751982092614,0.067032086157988,0.45390840365293,-0.0641553285676398,-0.120343031487915
"R-AF-5",-0.545160223283336,-0.176162424617519,0.0115070374014516,-0.504832586299649,-0.541178692176729,-0.0760749896468159,-0.777558637779129,0.676613794138234,0.0773653312656256,-0.131522243369011
"R-AG-1",1.13848923231768,0.494029958893209,2.36959035654012,1.44377197943902,-0.381055430704653,0.0751370947885353,0.378357339263554,0.301958416817343,0.38596283761641,0.549843852668952
"R-AG-2",-0.0756773926693979,0.0379870106979635,2.07461153308776,-0.0631646793955103,0.632671266352604,-0.290697093484953,-0.00638350659234478,0.00396429096672885,0.00056110214962103,-0.000195734890725398
"R-AG-3",-0.25708685947369,-0.171944844577768,1.32454603282617,0.155049143858876,0.362368026027268,-0.247948427532911,-0.728864217223998,0.24356507399142,0.257671408028276,-0.0222982687038894
"R-AG-4",-0.744810460372828,1.36988066716247,0.729394570888909,0.776422805652773,-0.499583709936765,-0.430462433655307,0.0155476405821867,0.00327530611103365,-0.000728497473559086,-0.000357089943518641
"R-AG-6",-0.732380253269358,0.908953876282827,-0.32378085723614,0.71305931539412,-0.641459800901082,0.0467522805206244,-0.431442926285272,0.369414225215583,0.198495328546957,-0.109032644493555
"R-AG-7",-0.0649301498636284,0.870705084709348,0.153891444736105,0.767597294521178,-0.454355333607912,0.0143060592722863,-0.250688629833943,0.261730823669244,0.126192255243778,-0.170290248591141
"R-AH-1",0.479432341496971,-0.412712524210992,1.11535558507118,-1.34850356780311,0.742066008970601,-0.0847467293072264,0.0682916296257874,0.796854839726288,0.0480863795770312,0.0803678663262888
"R-AH-2",0.198411540152725,0.15724652255792,1.21909894989185,-0.11038800926047,-0.337737727563882,-0.817001421463579,0.00225729398938557,0.00303598799685277,-0.000312141985418645,0.000327651504614467
"R-AH-3",-0.472908379217081,-0.156946605431011,0.288411289268128,-0.955114749334624,-0.611519696668516,-0.00198908752377169,-0.604893075139492,0.606061721816513,-0.000562796128964192,-0.0710952117180831
"R-AH-4",-0.60902823669297,0.846739273387547,-0.765506306817635,-0.0964444854582535,-0.682327620338885,0.0418267482133292,-0.468567631605343,0.389733689921706,-0.209468785502838,-0.071475667464583
"R-AI-1",-0.0713140122470778,-0.373596490597344,0.719854099810897,-1.13942409853665,-0.195049747018202,0.167858581883883,0.292964123057716,0.137385318145209,-0.133100557029598,0.0849535969231839
"R-AI-2",0.0649158140445711,1.24257055396862,-0.985748128090693,0.578029534840732,-0.0910773519639168,-0.818601603553507,0.00211827449475794,-0.00367644743100467,-0.000331257086559425,-0.000191516129257275
"R-AI-3",-0.864856217121422,0.813784744880176,-0.690632431495823,0.675151965796854,-0.427689510700806,-0.0492675368207389,-0.54265462850163,0.112792797365854,0.0367936670613908,-0.211429185166235
"R-AI-6",-0.412574360513657,0.549203048598234,0.304580429993146,0.820260118913196,0.0313121144589349,0.0481705731796428,-0.0658715926310533,-1.35687489618308,-0.282380581812212,-0.123935529136597
"R-AI-7",-0.979409639574939,0.511946900626229,0.624178516753549,0.948424451337194,-0.0672739596921156,0.0624255311068719,-0.33058092607344,-1.22549937506349,-0.265387347111847,-0.165324412688709
"R-AJ-1",0.343667621883857,0.168252465859324,1.87772185459254,1.24164042667171,1.07690571942057,-0.0861615056153036,-0.68579808090632,-1.12711670786281,0.279364459763115,0.310244759163897
"R-AJ-2",0.765290813521262,0.127319592256925,0.510920950796055,0.823126821578111,1.53175364162364,-0.192437549757445,-0.759284125053135,-1.20790332885148,0.223206206043507,-0.21948360090341
"R-AJ-3",-0.788760727464506,0.653178771143697,-0.543790642168465,0.438324892800817,-0.290850266677874,0.0629460463216638,-0.472629102880928,0.0680525757565522,-0.111777433100555,-0.141915442198513
"R-AJ-4",-0.492205345930551,0.836273986406851,-1.28594497919152,0.818898244619649,0.100763784686201,-0.346629628931407,0.00136926713391664,-0.00572533216288715,0.000204425420133048,-0.000185302126437728
"R-AJ-5",-0.851944889749462,0.518273677284147,-0.812628134494454,0.632807156246776,-0.352889841237093,0.045272407008946,0.0485441003706283,0.0961235794517933,-0.0349558097467908,-0.178650404394355
"R-AJ-6",-0.791807155336476,0.570322138126965,-0.707425125123481,0.640045918158835,-0.399083493365919,0.0726067652204336,-0.421781720452659,0.0414011416313,-0.0874281561374198,-0.151402764568125
"R-AK-1",-0.132568491636192,0.565384297421821,0.964859802858624,0.804114479647044,-0.209180462700787,0.00957791241362684,-0.365175254914795,0.280840545995556,-0.313606559877345,0.479312634030262
"R-AK-2",0.387821231884993,-0.196723065132457,0.747526572828568,-0.926418312580786,0.103721205187754,1.31827014274247,-0.000459180089377411,-0.000287034659671112,0.000302801225291133,0.000199884948185201
"R-AK-3",0.100824363692978,0.456504688771558,1.97710222012012,1.28440432395657,0.585413209936189,-0.198950615301022,0.122584720901633,-0.365786693900428,0.18797123033102,0.0552968793143305
"R-AL-1",0.685114686684869,0.163266645843413,2.59143664758645,1.47245177489722,0.588100939030989,0.0667126966335449,0.979168530884048,-0.319712380298741,-0.23749767320566,0.499151376839911
"R-AL-2",0.895867226195046,0.324179062850678,2.50240023098695,1.28326865054915,0.152702251629662,0.0572952071967903,0.485785929277136,-0.203999204702569,-0.350794984169235,-0.00172161316299187
"R-AL-3",-0.861426858091018,1.14885146836231,-0.634926522833162,0.626363127783453,-0.401711749466845,0.0816616741494338,-0.232134133913065,0.0714793223735085,-0.121698662741325,-0.149472438880616
"R-AL-4",-1.32159494885878,1.04938576380602,-0.512219098812905,0.963402366084403,-0.0617647308303279,-0.761011988738914,0.00168786350703689,0.000668409544344909,-0.000140236715840964,-0.000143755464283423
"R-AL-6",-0.73464974780338,0.932632365684462,-0.232733704357417,0.844518070876686,-0.365822421727351,-0.185130895208914,-0.461135516409143,0.212997636767806,0.21689572630281,-0.194296347589401
"R-AM-1",0.159228514349964,-0.136055349192365,2.1858427785267,1.29156673989681,1.36764138252576,-0.64658030143563,-0.89290271395003,0.177457559658617,0.65398825001199,-0.0792595645417192
"R-AM-2",0.0556781987721525,0.319201829010423,1.30048600041364,0.631136050296923,1.78950186516666,-0.336777211621749,-1.74515801952226,0.137249952358739,0.0838048528109607,-0.312122218346411
"R-AM-3",-0.192245568167295,1.15744014487742,-0.110582227541509,0.5961173270213,-0.0184050126570909,-1.11494278937533,-0.00428664726545173,-0.00167712016076377,0.00062431246500406,-0.000157410490504028
"R-AM-4",-0.938983672220979,1.17558752146537,0.46812528788803,0.430148500126655,-0.270938816881405,-0.398843631685071,0.00422894727802766,-0.00053808750686234,0.000309599822028518,-0.000482342088890279
"R-AM-6",-0.766359268935425,0.72444152056649,0.0378560744087015,1.25179450916676,-0.177830851471864,-0.53302865951661,1.48960045886924,0.325064891372422,0.714374829915787,-0.335995155978038
"R-AN-1",0.661283230357868,0.411972202605038,2.0773845604594,1.13847608206829,0.261259190481476,0.11343908171359,-0.136753185012617,-0.590013343473089,0.263384722978504,0.570289129196379
"R-AN-3",-0.71469336216854,0.3675657871907,-0.0517965933207446,0.574774545881634,-0.170863549598743,-0.0994342443919562,-0.427566002473826,0.162845816888584,0.116207427708938,-0.153305023614783
"R-AN-4",0.0154209374204398,1.24099439299944,-0.290088336799738,0.496483978456388,-0.199586193756265,1.31194464199452,0.0108831843947404,-0.000312547750301561,-9.95063121476195e-05,-0.000288554113266265
"R-AN-5",-0.796480608446987,0.987447740653656,-0.574290185992522,0.878047515581231,-0.426729403004261,-0.0268756975966088,-0.937153164346146,0.0873720378526511,0.00401185097075157,-0.184167814139885
"R-AN-6",-0.652448938827467,0.029817453686519,-0.171212782009169,0.583252928819575,-0.304653084445409,-0.191150486333963,0.433074002951475,0.201054292011498,0.275369717583063,-0.199299470593362
"R-AN-7",0.565700088313596,0.193711786244387,1.35419953153624,0.233760095034314,0.0706218795652068,0.083682225009228,0.00184150223323355,-0.00493222883064264,-0.000111392696961064,-0.000305847617201407
"R-AO-1",0.565684376279442,0.0229306732851155,1.65305427518496,-0.0432802632358354,-0.0663612578070256,0.0503722583449759,-0.102916313158525,0.680369863676491,-0.380191491460463,0.790852636679532
"R-AO-2",0.258597590415443,0.463710228298148,1.71342788763057,-0.855230416626799,-0.314299172995573,0.0688588670528539,-0.161048880189069,0.718447728251361,-0.266656321025282,-0.140282395747658
"R-AO-3",0.0883188713811359,-0.205699096927054,1.63741839919257,0.0807839303554462,0.432428183649711,0.164445855151594,-0.672534442736043,0.558375386203134,-0.237649420896621,0.201810625690451
"R-AO-4",0.110641866440648,0.402987937368101,1.71368606179987,-0.844429887384103,0.254589999263586,0.0824705396396741,-0.0667073586946469,0.854412313908663,-0.350149714838314,-0.21594591234552
"R-AP-1",1.95011837111729,-0.0928327759236193,-0.127249605343222,0.532132376215855,-0.0864091065413835,-0.141578624762313,1.15387483731462,-0.10030535000007,-16.2797738946666,-0.00867211786576151
"R-AP-2",0.78551062776443,-0.341390065698231,1.13309760238368,-0.0739083638233822,-0.281453917434592,0.150511707314679,0.00529739258354922,0.0022313666952567,-0.000558198139645231,2.12893935725241e-05
"R-AP-3",0.819167066275713,0.376623252339956,0.87112677033651,0.160474074315089,0.488784020067181,-0.00143643781226926,3.48703555936062,-0.440572524928788,-0.12444291464255,-0.285241829221066
"R-AP-4",-0.62279582998816,0.195892802483672,0.475427697089686,0.233699672627101,-0.0491843246808495,-1.85648260190199,-0.00104831484711854,0.00121703148272233,3.16612946562482e-05,0.000203925184956332
"R-AP-6",0.903550403185766,0.240877581272275,0.0974481147406104,-0.858140190119141,-0.278169392632007,0.0151805769791674,2.6086667911889,-0.311396095950788,-0.400986514531885,-0.270903250944894
"R-AQ-1",2.23976342049063,0.279833261135805,-0.181499568800971,-0.298517293581008,-0.982768937263366,-0.00716530363559757,-0.440032243416942,0.462297373199114,0.051913463894406,0.672311160420662
"R-AQ-2",2.13096623520341,0.0103709720780151,0.378853818865582,0.4157842787704,-0.0984719651917214,-0.00541000979309896,0.0733186207798228,0.530543879736314,0.289009983712726,-0.273462521411155
"R-AQ-4",-1.84115456833168,0.91980378696359,-1.28602812011687,0.570094011807425,-0.209336146362111,-0.741645065505675,0.001946031358585,-0.00299880666083868,-0.000791723960179384,-3.85376121068183e-05
"R-AR-1",0.17410795082017,0.652867835872741,0.446369551447229,0.69820225843825,1.03707869270062,0.0997820780160781,0.745570899503496,-1.77651670600087,-0.220124513950849,-0.0380371982438712
"R-AR-2",-0.437697995610462,0.742310113314372,0.571799418393788,0.983933995345921,-0.742870135645395,0.0502576621229828,-0.429911617768995,0.0856672526123367,-0.16618450324992,-0.118131980539151
"R-AR-3",-0.0675683279935365,0.398555648745998,0.758230997571584,0.805807818502615,0.252814155117652,0.0595909422145026,-0.226693680533713,-1.07750598831577,-0.183281292101065,0.0526741340553869
"R-AR-4",-0.19917842471154,1.20334178610451,-0.477042840684006,0.713851979429662,-0.294310227495322,-0.322129387004519,0.00860606290699748,0.000999357431516226,-0.000610103606023269,3.56224355849091e-05
"R-AR-5",-0.878537589853586,0.887322077787017,-0.809992327851196,0.770078176071348,-0.367951178826119,-0.14182115015676,-0.452780763657053,0.205452623908875,0.168711909343174,-0.26178876913275
"R-AR-6",-0.69503921271986,0.88622865249889,-0.41684065765661,0.892688906145027,-0.895896425614053,0.0475383063917763,-0.628017211698026,0.340972375249791,0.507056151225607,-0.120054272280193
"R-AR-7",-0.538132750450112,0.828774367428554,-0.298803679484982,0.759397731546346,-0.869761708743855,0.0286419069972828,-0.635512074315707,0.386827802288392,-0.166651467148038,-0.0264927440335672
"R-AS-1",0.807505061832813,0.0573753232656326,1.85294310600804,-1.75891266432191,0.671562202770809,-0.00722460262045279,-0.917110473127996,0.576219582351119,-0.0240391053479856,0.546109500019723
"R-AS-2",-0.286047259295811,-0.241663566761962,1.91325958346911,-0.899973318579478,0.188632810030648,0.583761092319087,-0.00302450708446149,0.0054464867998244,-8.08492437675618e-05,-0.000317705163295573
"R-AS-3",0.44575154461285,0.190948435963553,1.12850817269581,-1.82711907391539,1.50262652410402,-0.0609514250578184,1.09061326233169,0.172568492960976,0.035205360454136,0.0846746996897037
"R-AS-4",0.078247529849012,0.391413330249126,1.70450366583135,-1.20896311393963,1.0545983723926,0.0548523996220833,-0.0123068604780979,0.867400445567498,-0.25113825778095,-0.275894622605347
"R-AS-6",0.335527103851198,-0.154306017244188,1.08000465593622,-2.11670388239472,1.14530736137245,0.143775821621784,-0.641016284747149,0.185618130106929,-0.309159567404414,0.160798654876381
"R-AS-7",-0.206064836916145,0.46713356697434,0.95143008013457,-0.915697256149212,1.46580241790863,-0.0581079380329878,-0.643348963357391,1.2265970816088,-0.352609020916232,-0.26045616400666
"R-AS-8",-0.197423670068233,-0.675929071157309,0.842185931113272,-1.36438036043361,-0.0166068247646839,0.0493001799011157,-0.512820347276032,0.586276597144043,-0.0858548838843041,0.0484283418902609
"R-AT-2",1.29994315709213,-0.420363459280566,0.553882972947397,-0.0611044217020997,-1.10157411852648,-0.0323235063901566,2.00033452432292,0.169196946679177,0.424554566106435,-0.190008846137819
"R-AT-3",-0.696384821921032,1.25750984322088,-0.490763754633218,1.11805126824877,-0.140055215352982,-0.207758006599424,-0.462317497379517,0.30187732113687,0.224881442026251,-0.225716233606033
"R-AT-5",-0.872060350845563,1.3352915330772,-0.870973311609775,0.846551776143277,-0.351397888543749,-0.0654342205596456,-0.00644265073321185,0.186547101911541,0.073040594768196,-0.220371781243749
"R-AT-6",-0.703958107069957,0.478087467863515,0.833588134681238,1.21398545167249,-0.606879501426787,-0.0232495027800508,-1.13165274080974,-0.467035944730856,0.128557364658469,-0.150917889328425
"R-AU-1",1.74684390276527,-0.035110321212542,0.359346788373816,-0.0133570765916163,-3.05061114181872,-0.0948608908169344,2.46136942434476,-0.3012130041143,0.326701764288636,0.0972018695097862
"R-AU-2",1.09395303735936,-0.0200195708475457,-0.0294998590320145,-1.58098501642757,-1.306749257978,-0.13329893370788,0.91196287495569,-0.242010600145719,-0.0851896951358239,-0.321366557180771
"R-AU-3",1.64179851601171,-0.164763217567245,0.0394109970973392,-0.485784494690069,-2.77740939864142,0.450639382307844,-0.0868047078377579,-0.295070102146004,-0.73330885644774,0.245080231338814
"R-AU-4",0.0209278691217342,0.616937181571827,0.926180013862609,0.540485626360058,-0.671813541080389,0.432091764170012,0.018042343734974,0.00210038628011531,-0.000801028240141745,0.000118990396465527
"R-AU-6",0.399544795996453,0.39404111244914,-0.464831039199561,-0.218540527621076,-0.431471024858714,0.0137340838535162,0.14219167067817,-0.124525494510214,0.137555544562448,-0.148807875733774
"R-AV-2",-0.607931433811195,0.536041460998615,1.00825825616841,1.17931321576591,0.102183210981792,-0.267708750395808,-1.96513602835024,-0.865565696319135,0.254902777756047,-0.243477382437255
"R-AV-3",-0.880113414808188,0.756447125325276,-0.754320444030749,0.501961830038395,-0.43483348957455,-0.293574261440444,-0.0365533866987812,0.271096226890239,0.175796442690979,-0.253547040406387
"R-AV-4",-0.845314134846048,1.04139492738388,-0.774396558675414,0.365822385649652,-0.0911698339356666,-0.117485278531104,-0.955449775774873,0.271375096521193,0.0929071770354089,-0.0795535967083817
"R-AV-6",-0.506594601153359,0.586273546788211,-0.0726343922548502,0.679735561306824,0.322397152071333,0.0576781879133539,-0.105389829908405,-1.08173391291476,0.224397375679886,-0.167716659574444
"R-AW-1",1.61349279969696,-0.230158208778756,0.324981746811356,-0.709257578033622,0.350508301417232,0.164628021316829,0.389961203731057,-0.19840991484711,-0.0845424259730904,0.280386045007073
"R-AW-2",1.68787832056067,-0.525445992828929,-0.688379937477904,-0.143076410721658,-0.347371472266001,1.04597069450627,0.00182560221405637,-0.010326934417171,-0.00013438581596176,-4.5709074462396e-05
"R-AW-3",-0.134463603265499,0.397367412928422,0.251057266542762,-0.815052435333528,0.516974105364568,-0.111032424224702,1.51608826430926,0.0387163078942724,0.226032231295938,-0.0827491917822147
"R-AW-4",-0.257359086362293,-0.473904295710553,0.930056797519954,-0.550800753480204,0.358875598184173,0.00345691767238442,-0.00513852151393121,0.00401700337172316,0.000474449841550327,0.000227282750814053
"R-AW-5",-0.124529668488716,0.0344943155451211,0.634819265800213,-1.61667098994162,0.322320665702177,-0.0629650510996152,-0.0896043229894062,0.438269651411453,-0.0530073970807385,-0.0285676157534087
"R-AW-6",-0.688008511247417,0.852427164154617,-0.611703869395274,0.581385813281841,-0.211758009908522,-0.167169481264208,0.332030473873797,0.0450461442110654,0.242390190780792,-0.178869069397287
"R-AX-1",0.690785884120933,-0.483495884807752,0.406340850894175,-1.60574414496833,2.92883916560229,-0.376744634393496,4.54031371028286,0.519841256162552,0.598951495684925,-0.0986032292677955
"R-AX-2",-0.659979167841512,0.21741518148371,0.247263727868486,-1.84751990399239,-0.261139844770135,0.289579286089034,-0.00959101575848566,0.00147892062164144,0.000723099327273616,4.47789900840117e-05
"R-AX-3",-0.774896448234492,0.944957762336964,-0.58886233589785,0.661485106876874,-0.395872084750179,-0.197304321223816,-0.664575592002444,0.190638083245382,0.211052544861538,-0.246558152059346
"R-AX-4",-0.673976775544933,1.12016597464588,-1.22382836030895,-0.00473757227691505,0.330775501359099,-0.0745724238036689,-0.00260429749514089,0.000373854197832056,0.000190163133633651,-4.36498183647588e-05
"R-AX-5",-0.661654266612737,1.27118310966575,-0.349047321835995,0.596255307412446,-0.746274911271083,0.0276252628408769,-0.790611738579563,0.316397183413948,0.144314791765361,-0.150437195079372
"R-AX-6",-0.633991099569562,1.11411149089059,-0.610634932421015,0.73472929270221,-0.580174095171974,0.0335781527296461,-0.501721463863354,0.379961146862576,-0.0638327620509794,-0.0750994999339099
"R-AY-1",1.03898094819588,0.0599126154229661,0.683815100649894,-0.956056366798014,-2.01349762115739,0.223194343978756,-0.982018553549263,-0.221115044667851,-0.0370866627897567,0.306571601680024
"R-AY-2",1.74807326322001,0.218890837450679,-0.796713055838846,-0.342371068267495,0.131246124110188,1.2822315496474,0.00107389440584658,-0.00577817091416329,0.000412385551694837,0.000358347837086064
"R-AY-3",0.265958131619458,0.761476061143738,1.05307487061424,-1.04942393919338,1.14287911902919,0.0936911663248434,0.0023334776357605,0.624432341246959,-0.296402213104972,-0.256072199761859
"R-AY-5",-0.456509449285612,-0.0926616332762682,-0.0769890265617273,-1.12832089870016,-0.811086119410578,0.0546699804399257,0.395002535911345,0.570524576723029,-0.0381554944657763,-0.0824077801413623
"R-AY-6",-0.255908037979125,-0.288707132618551,0.124183305776357,-1.05788290696475,-0.728731080394651,-0.0496124489641447,0.433294637530268,0.563469819721666,0.135799274552977,-0.0908230268948564
"R-AZ-1",-0.774476294231172,0.521440446901132,-0.717421165487446,0.712708116732371,-0.174616218761561,-0.0667817788846218,1.28660293144917,0.15962918398108,0.123130886917168,-0.211728507968425
"R-AZ-2",-0.941369385843409,0.938502547691966,0.293474672004777,0.646059810319324,-0.218208976193558,-0.207662979427816,-0.000480000926896279,0.00337376612570618,0.0001493289671708,8.01707890152238e-05
"R-AZ-3",-0.794129159218438,0.978504786822347,-0.671703438513401,0.666829273428626,-0.379130520389628,-0.0481854871902079,-0.690983335330413,0.0740298815275613,0.0461436244564577,-0.20206857458032
"R-AZ-4",-0.786840964448317,0.850028007535869,-0.640732962231999,0.612605345356804,-0.473142513204594,0.0360232415271826,-0.333007227941858,0.385767725283673,0.675490243779796,-0.118948310434659
"R-AZ-6",-0.707121251155505,0.82611709012628,-0.53897541653376,0.438503977021036,-0.526581674612783,-0.0261807001165408,-0.399757930069088,0.0724323360431986,0.127910093822654,-0.171168498040186
"R-BA-1",1.59356984270179,0.271331157149497,-0.819222643577461,-1.02552791949252,-1.11930081402695,-0.0933460487019001,3.18728621580616,0.0428303350678151,-0.222501177122442,0.349938006111832
"R-BA-2",0.835218879173892,-0.568909223488549,0.346841182495149,-0.666951701810909,0.121756788573336,0.425421425316618,-0.00104821272071718,0.00171127232293382,0.000265827072951259,0.000578536649442521
"R-BA-3",0.554077417232675,0.108890687491761,0.206133275226826,-1.76419625784918,0.545301010946952,0.0705567901132162,-0.451455234533771,-0.354817698314649,-0.491698061652375,0.0172705583923845
"R-BA-4",-0.55667879793524,1.33758465700918,-0.828472565031927,0.446080206421636,-0.235544934355816,0.0289483159142041,0.562181721251574,0.404755916726657,-0.309313880601672,-0.12893463042473
"R-BA-5",-0.607002055657498,0.724786200699997,-1.10774688137806,0.411674731787662,-0.305426213560966,0.0207822130825777,-0.145582083762196,0.42373119737587,-0.309732706599897,-0.0473090693287315
"R-BA-6",-0.788926266414392,1.43997260177025,-1.00468573202558,0.287447587572434,0.0117915896409279,0.0215188568591487,-0.180595933230503,0.481933930414649,-0.20215922645568,-0.140696595633517
"R-BB-1",1.14006213618465,-0.460184284564537,-0.336027215450357,-0.482103586968478,-0.720619377501464,0.393498313345575,0.00178661246495556,-0.00537643333792376,-0.000243579010819396,0.000254084249756316
"R-BB-2",0.20408994998411,0.069582784820726,-0.0286516234626092,-1.24133076920215,0.917061374630211,0.122970390164404,0.265754965569698,-0.606202341859382,-0.177278478769888,-0.238585963717099
"R-BB-3",-0.562382648088081,0.65488564309848,-0.512392536920464,-1.35150783552784,-0.688400658142854,0.0141696669562573,-0.616727380763571,0.486403500015434,-0.271674799523194,-0.0713614902692961
"R-BB-4",-0.597680065550374,0.234136841823154,0.225250426390026,-3.03846797128915,-0.482318888177794,0.102818817278734,-0.512438706397281,-0.425235161496201,0.000705663254698524,-0.25507774933637
"R-BB-6",-0.0775924717335775,0.252407491690369,0.0507508865460555,-1.75844117731514,0.485850526835798,0.105699633640324,-0.00472366147808801,-0.410172194863158,-0.13601314836795,-0.00819682564925235
"R-BC-1",1.65574644371936,0.157360032203777,0.22189642360356,-1.03006629589758,0.608644810300899,0.0199638447979273,-0.316363320345926,0.222080681876701,-0.475369130767222,0.201607826294956
"R-BC-4",-0.176403219824203,0.299639370517239,1.71362015679795,-2.27736170767514,1.57727141759299,0.0523102074363545,-0.169657827035513,-0.463160413480966,-0.145560104397293,-0.257102675459415
"R-BC-6",-0.0588582509116808,0.807015949074595,1.47575426399473,-0.920486066188166,1.56539541206141,-0.0245926541882428,-0.552748552872242,0.248764561508719,-0.486395171877741,-0.316418350089432
"R-BC-7",-0.777502307247065,1.36855977607866,-0.666035553093118,0.225469177166742,0.0298074549775142,0.0358023786527649,-0.497699164433963,0.516374981812265,-0.111481750701703,-0.133623259113695
"R-BD-1",1.08253879079888,0.303136229325789,0.4114891992379,-1.78210705596735,-1.37667436917221,0.0651615924342412,2.11829466339849,-0.493447662086582,-0.265541605907155,0.587124404677421
"R-BD-2",1.04703016196282,0.233557902770249,0.273050378353391,-2.34329293504516,-0.78941657114609,0.0548828853950262,0.457225975066322,-0.327499167301535,-0.109459532285432,-0.251153837819644
"R-BD-6",-0.367929698949722,0.830851230082744,0.338785687626464,-0.183431133470622,0.455327782538667,-0.0229972822789411,-0.551104986264122,-0.715081171180313,-0.26268643330538,-0.213642431894346
"R-BE-3",-0.810152075739937,0.365979216235308,-0.848655151948864,0.763419663896709,-0.0556630629839536,-0.409918423057862,-0.817915172426066,0.0948311694749451,0.455067249072133,-0.373383340096712
"R-BE-4",-0.449810171124725,0.87503552388384,-1.85497231691712,-0.140604636128268,0.377060595971944,0.103012355091121,-0.00272957031939875,-0.000699495146838874,-8.46056499189474e-05,0.000192917599785565
"R-BE-6",-0.545815158182908,1.34546241155545,-0.458334353063828,0.447769666287141,-0.18387412474775,0.0601466155210975,-0.112515200159526,0.311041470730208,0.464996342294407,-0.103414009743838
"R-BE-7",-0.0807652377110802,0.472452914013291,0.707667996900723,-0.780575399252402,0.0403924232615871,0.0594260761822536,-0.131114355355178,-0.904783808382462,-0.344689265590977,0.420206097602516
"R-BF-1",0.391652221961176,0.0960954567898771,1.4540730432132,-1.21603348634558,-0.137052936788102,0.00661498039787337,0.247494262705339,1.03165343706807,0.377214753846312,0.661975551229389
"R-BF-2",1.8998117712686,0.0590808968776024,-1.05008094248569,-0.392403127670385,-0.291653896273376,0.384985585018604,0.00113226055025571,-0.00577444228818121,0.000178998014122809,0.000398918729694951
"R-BF-3",-0.213890653757561,0.216555468665902,0.860053626462563,-1.45990842321079,0.899466122248245,-0.176386827061941,1.27667008155272,1.04772197938448,-0.523346765452824,-0.337648215463726
"R-BF-5",-0.82975548566588,1.06602056738476,-0.623991652042051,0.743676864290316,-0.349487729036099,-0.0269611514568058,-0.411565724309687,0.104499555635734,0.0225591988657743,-0.192361447693776
"R-BF-6",-0.705876873710124,1.06916362098848,-0.591003064941423,0.660998110537976,-0.366122319195803,0.0312076997415399,-0.345169222465025,0.44591205743423,-0.0896044457682232,-0.103306330055828
"R-BG-1",-0.843785591016474,-0.0367439514810096,-0.109433997338328,0.483485383002512,-0.301365560420911,-0.596009500121288,-0.0755830096282209,0.28071222412131,0.678602529419626,-0.3882872063945
"R-BG-3",-0.777864812671186,0.908071234716023,-0.49633296907131,0.457304852250363,-0.527487472393073,0.00820560409360742,-1.67087122700746,0.102502084737578,-0.0737729474770745,-0.157751735656588
"R-BG-4",-0.753140445979485,1.13781721411817,-0.521489394773108,0.650877448503995,-0.409917413066446,-0.038865628976419,-0.768190707570849,0.102051675734369,0.0565728885177014,-0.175253337347773
"R-BG-5",-0.862813920140663,1.32529905872912,-0.851178677610761,0.745749192656447,-0.522918876523198,0.0455015132634399,-0.64789488547863,0.449979754654026,-0.205229563922359,-0.0426932716266196
"R-BG-6",-0.814684399547049,1.51753600265546,-0.842096786498527,0.53282603087265,-0.227361535767568,0.036683119401914,-0.264595705082687,0.37013111452991,-0.299435611426784,-0.124267771413458
"R-BH-1",1.06414132159897,-0.106319718460103,1.52498091957965,0.881566359807711,2.05722291726283,-0.135391926715363,0.905181379247014,-2.50065438742347,0.0864590828706291,0.0875302047551692
"R-BH-3",0.275157714328491,0.0143329791695468,1.34064152027867,0.815063230701405,0.796914416568688,0.147255435110124,0.894664800710312,-0.4622847063345,-0.0883607488935133,0.178618828994576
"R-BH-6",-0.741946300168184,0.192490881148492,-0.649675247391172,0.575758340650481,-0.42914192454074,0.0161477803122841,-0.61353985441777,0.102986886001878,-0.0213729032435421,-0.165784894452296
"R-BI-1",-0.798053085668203,0.181808950462107,-0.681422208609889,0.0348546399066593,-0.544119032188963,0.188070671241316,-0.83297006180637,0.291485205544575,-0.247973946033117,-0.102100735685746
"R-BI-3",-0.815872335702282,0.234844666783239,-0.678098065515077,0.484576964841179,-0.447030103384572,-0.0586410928716722,-0.367966814362737,0.128496403668986,0.0619768130211072,-0.202787873526969
"R-BI-6",-0.599530452248288,-0.0774589998331954,-0.0197227754739702,0.630649591082671,-0.364756650170782,-0.305098271288829,-0.147757300536913,-0.572824396030513,0.347327718584497,-0.251267693199941
"R-BI-7",-0.180888879215151,-0.110086547563642,0.73602871678217,0.383196582789838,-0.0778933282315653,-0.340622440118922,0.691470835240798,-1.32487682304688,0.476862753404858,-0.169342747444552
"R-BI-8",-0.171749109849991,-0.0927744095969504,1.02250642478088,0.574197176335912,-0.117309357960672,-0.591497358242037,-0.505237830954826,-0.982762308992789,0.683187392802638,-0.251886265857986
"R-BJ-1",1.96012603465853,-0.66795647315717,0.539516959347256,1.00326195816316,-0.492184628515187,-0.0299207399423341,2.34728737005327,0.0536332493252189,0.192148107190675,0.250753471878596
"R-BJ-3",-0.404099682319818,-0.304156981490071,0.158256252851944,-1.06120455546079,-0.33547491610422,-0.0495537899917772,-0.702258535374442,0.718620934570055,0.0488995810245374,-0.0938714224885823
"R-BJ-6",-0.1809391273916,-0.534979310540176,0.46644044276292,-1.30078398780225,-0.180638072590852,-0.229476517640671,-0.414301521704659,0.731317626500256,0.291739757029123,-0.130576771055791
"R-BK-1",0.548084942060466,-0.489502165259654,1.22409862612106,-0.654040052076605,1.37978845665132,-0.339510000183277,-0.627094971679882,0.0456718058373048,-0.237847763597144,-0.0204144447745874
"R-BK-3",-0.338396577907582,-0.33624745161107,0.170121857589362,-0.297340060397097,-0.237817934166945,-0.153011316981874,0.636058844943973,0.659985230381266,0.310661919422571,-0.120355672701373
"R-BK-4",-0.843778828151499,0.290353290076581,-0.738395801185193,0.408314708692902,-0.483680732695228,0.0572419433025606,-0.368909144018026,0.081079447132259,-0.0770419160585034,-0.1434692660996
"R-BK-5",-0.797465650380577,0.267602236459677,-0.683586810859246,0.43164006151608,-0.518935132656002,0.0928205384847459,-0.825610794262864,0.0574478394119087,-0.133189426685482,-0.127734774065171
"R-BL-1",1.12370828516662,0.377015277686321,2.13343018815832,1.45791601718752,0.998785491507735,-0.0810764696808894,-0.255996048054587,-0.378606371417404,-0.0740927872174015,0.296454661765317
"R-BL-3",-0.797187836488192,0.166343562190159,-0.635049642323222,0.618859390165944,-0.328490004796058,-0.111738252905936,-0.0299340393343654,0.152551611857196,0.126512111063775,-0.221284371710923
"R-BL-5",-0.798899575112482,0.107774709026584,-0.712511571838786,0.46731765503288,-0.427483240134074,0.055681369705919,-0.318398984128342,0.144192962569501,-0.0418173247204802,-0.158925605070848
"R-BL-6",-0.717935028565014,0.0843594249243022,-0.487818527461305,0.944120636567005,-0.170089408141263,-0.161655272460619,1.04047139523149,0.169503022184097,0.159602939652302,-0.219750940043301
"R-BM-1",-0.624920850679196,-0.178911325211036,-0.327461101863249,-0.0455820113101243,-0.336504312333575,-0.125319558551211,-0.683763209429508,0.440307846817349,0.145670025288268,-0.175091606335291
"R-BM-3",-0.775859609973153,0.191455866618859,-0.685368655277932,0.356960438086638,-0.483019912299506,0.099461309572811,-0.412593681515317,0.152493103634564,-0.123043028763842,-0.135820014547385
"R-BM-5",-0.822484288040199,0.0812656584506694,-0.840050550301972,0.314870656445763,-0.496609394041923,0.0797591813726465,-0.411355659211781,0.197798743038246,-0.119300964516147,-0.173553567745613
"R-BM-6",-0.814959393385551,0.170469853407012,-0.739483481969541,0.455717545601214,-0.368342121229031,-0.100290154670934,0.546733939808491,0.260401675368557,0.190682327041869,-0.231020396116489
"R-BN-1",0.251403824576182,-0.454314133697136,1.52611746882492,-1.67156687433672,0.911319439465719,-0.353463472925537,1.11496670550759,0.764466218778007,0.53797489818474,-0.0122103460709494
"R-BN-3",-0.46154976640406,-0.285017307321142,-0.0348698000313948,-0.993532372716672,-0.506111184920782,0.0824573267874953,-0.243016200071471,0.773962602782793,-0.0997154063843737,-0.0478995476343256
"R-BN-6",-0.442864631526428,-0.0366437035020332,-0.0238591138102297,-0.846708598220331,-0.530005381999533,-0.0541681733454837,0.753515699779838,0.783632100955469,0.159374433300011,-0.0933490289862978
"R-BO-1",1.36524244212902,-0.236205160499637,-0.48137606336574,-0.652540851558762,0.369578436956954,0.0335161447041692,0.640924743381234,0.00593952390098163,0.0607826997680158,-0.0327099668112904
"R-BO-3",-0.251457324457003,-0.176808687186873,0.47539313682371,-1.19837076874887,-0.226716816585852,-0.123667898649637,-0.838179965397568,0.674590044809835,0.101357474853397,-0.0637488796470982
"R-BO-6",-0.705635926764704,0.149407335990412,-0.546181461276615,-0.284166770348967,-0.571493188335461,0.131982636935054,-0.188260317005391,0.561050620675108,-0.190171191130138,-0.103720430620523
"R-BO-7",-0.692467040181396,0.0161651276719491,-0.544020316608665,-0.308542215122098,-0.613448752381382,0.108742985297481,-0.310998089829797,0.578377403541506,-0.119294423113849,-0.108875284756386
"R-BP-1",0.755979297865902,7.9121690709247,-0.3150973159414,-1.95985960730237,-0.0180887379184137,-0.194502616894089,0.838925471105134,0.367644953509487,0.356848538110996,-0.10489311673701
"R-BP-3",0.453602925168811,9.67178743017596,0.677179929870494,-2.38404151620937,0.116152487927539,0.0594391014190273,-0.0796575967688538,0.407574645118737,0.00976571053584416,0.0834415229389441
"R-BP-6",0.833512733752553,11.0216995375327,1.13479396195204,-3.24296545183811,0.602757375078887,-0.170055794818266,0.338317042022284,0.597092978219596,0.227155433511012,0.0456758505190785
"R-BQ-1",1.4119160876319,-0.242823293503166,0.412982039737971,1.58554749628314,1.96110263136889,0.0628819879768923,-0.73295765323284,-1.53445271541062,-0.064673199610305,0.0779132716568491
"R-BQ-3",1.02255288164721,0.341153735196187,0.789720145764024,0.676504184184441,2.0907870154233,0.182274752821243,-1.27490741620266,-1.67389245381198,-0.373154704121624,0.188344169945411
"R-BQ-5",-0.325412400244633,0.145516341240686,0.405768731692947,0.12511799606969,0.217294011411285,-0.165033792777257,-1.13938815943579,-0.328427867195195,0.137519234876462,-0.0875969768209289
"R-BQ-6",-0.0877937226487587,0.0857179507238623,0.217311673562267,-0.0851768821418557,0.87553453274869,-0.0212075302804322,0.386256335458417,-1.02153461548468,0.0743070647230595,-0.0406701364628549
"R-BR-1",1.94052064731494,-0.276790173172456,-2.04176844544865,-1.0891672049267,1.14166405360789,17.6406127450509,0.314684298750239,-0.0221253355238296,0.314367648839399,-0.145115115061322
"R-BR-3",1.03091493543151,0.135631303162796,0.238099056545412,-1.8088528417696,1.18085514192942,0.224436445358474,-0.0392300849763694,-0.216578457575967,-0.397909796816309,0.182537899186744
"R-BR-6",-0.732725569818568,0.214694570375972,-0.606433016997931,0.506505265851438,-0.417836753734445,-0.057638968110157,-0.888988456413897,0.0125464591709173,0.0370374720824919,-0.185031514378396
"R-BS-1",0.828826140208155,-1.20422591391522,2.15615876829939,0.702411159244697,1.83437078168864,-0.540017619158637,-0.155008939238536,-7.56766366243826,0.667236202543413,0.0391613595787315
"R-BS-3",-0.76437775882255,0.228754734076503,-0.638928895123738,0.260127252725451,-0.315979587378649,0.102935407267797,-0.0841750897783649,-0.0180343319458769,-0.143417050684779,-0.130083436223778
"R-BS-6",-0.0871872423772152,-0.938965531104978,0.780054665554192,-2.24570758703668,0.130960495238594,-0.0144207812116688,0.220469719569067,-6.92445711911367,0.0207903733551955,0.0103105508959053
"R-BS-7",-0.00441212703921511,-0.236907432006388,0.710122473143138,-1.61589215432626,0.161444168550876,0.0903895973581641,-0.608193729744918,-5.87788531598594,-0.125397474321052,0.0625849361803474
"R-BS-8",0.284882862259008,-0.305622873648203,1.09607126870885,-2.01695248070539,0.374463232149539,0.00169338676959384,-0.67669532673372,-7.11527299534651,-0.0121514400192677,0.0890587991330885
"R-BT-1",1.68625433370192,-0.470689178842487,-0.222466161975011,-1.35340397955105,-0.826192460355015,0.300144513730827,-0.628464310947994,0.108619669262974,-0.890434983904106,0.221454568211766
"R-BT-3",-0.797413955565104,0.156596419025145,-0.714839660846095,0.492333656151431,-0.306695398296737,0.0022804614744163,0.510230491503728,0.14363593917663,0.035459220235083,-0.186765219951902
"R-BT-5",-0.811864984564223,0.291619719829791,-0.705438043575716,0.417341050877166,-0.538407061520554,0.0678198126744333,-1.17980317146909,0.0639312633215693,-0.129224010654283,-0.156292636805648
"R-BT-6",-0.716169981089536,0.206399098039614,-0.592179982845745,0.530628417956452,-0.478339049433925,-0.0305603547931617,-1.10472535243952,0.114854330458182,-0.00055275264758786,-0.16147039994981
"R-BU-1",-0.340427262283457,-0.251570700325284,0.709271643979616,0.537507793860046,0.0868332555623405,-0.253742245817504,-0.353882066452558,0.0090484763019502,0.320737190515839,-0.130935640610542
"R-BU-3",-0.403110564324984,-0.0325050207900874,0.539740118543337,-0.0109895951811428,-0.0377808979125913,-0.0914555594606612,-0.895648584343405,0.0815453302300052,0.0780483505161001,-0.0767151881778577
"R-BU-6",-0.665069439645526,-0.045603039299292,0.00772481018497758,0.761335810885208,-0.271142474583341,-0.457328855270041,-0.790149822923765,-0.154290209721908,0.493251738422566,-0.279248095307326
"R-BV-1",1.52563516296673,0.566551205205028,-0.444375201824365,-0.675418875297874,2.54066807205933,0.150262799301476,-0.924296570487335,-0.0770020433956942,-0.45862956336429,0.143747389071446
"R-BV-3",0.0963046067709771,-0.548334328149904,1.72679067146906,-1.69763722005408,0.811343283126217,0.0264863142566344,-1.32308699906986,0.151726178975864,-0.112108901773587,0.13269802870665
"R-BV-5",-0.712792939619978,-0.0339920946181015,-0.681511472053424,-0.184414030049952,-0.465842061313671,0.186624598658084,0.743965856079561,0.515699427737213,-0.388439272764044,-0.0941320061136843
"R-BV-6",-0.7233328021343,-0.0442984408599148,-0.556299236782274,-0.120797434112232,-0.511125483612636,0.0847848980354168,-0.10840649536647,0.545493013266125,-0.0767361561509354,-0.129823201672671
"R-BW-1",1.00307905196577,0.504802807330989,2.01864693914253,0.705204270410246,0.786170828684418,0.121428036791426,-0.0729444872970721,0.497329692499538,-0.215687925130956,0.27181425118123
"R-BW-3",-0.170170679316329,-0.395493268632029,1.5627404079872,-0.121513245102076,0.213427850646096,-0.242804828056155,-1.42051596984974,0.673853113137182,0.215543131839342,-0.0169019184362699
"R-BW-6",0.157790278038184,-0.128924540440735,2.03868851934561,0.200125531936128,0.630957286112596,-0.237681831542326,-1.03931205626717,0.808155285090946,0.198873494264134,0.0718641308149053
"R-BX-1",1.25021688539156,0.0378793099076593,2.27525699665933,1.93829440804925,0.980583727346568,-0.827394856963336,1.91502545079356,0.547503231467483,0.937338468833639,-0.0792998700896587
"R-BX-3",-0.759809905985413,1.18068110088349,-0.560151691576006,0.660400061881284,-0.45369938822524,0.043998470615689,-1.07487895102453,0.107925650160168,-0.0652719893740619,-0.138286680991741
"R-BX-5",-0.708663051961872,0.275004220970451,-0.423425177032359,0.525333903056168,-0.443916578566079,0.0173369032372979,-0.399697619287797,-0.413548002540567,-0.0236045865826032,-0.145042820857166
"R-BX-6",-0.379482138568292,-0.290927637403704,0.706115841703917,0.616484563487673,0.219187568738753,-0.507472747265693,-0.147123275069436,-0.920526316029852,0.593255431590191,-0.243309272571479
"R-BY-1",0.0361997707191676,-0.488918598123678,0.925262509615063,0.750844301145453,0.548226242973089,-0.0360897445030646,0.951279065289276,0.61894492185673,0.120573579594364,0.043638048106569
"R-BY-3",-0.714017825222806,0.00730100377016348,-0.552943895466869,-0.124385120737275,-0.532624879496781,0.0435959993932374,-0.132630176219736,0.567474022056888,-0.0611970318560117,-0.142166954095479
"R-BY-6",-0.769547402732307,-0.00153030919418371,-0.65090351336349,-0.11246673088628,-0.534866414405649,0.138740591258351,-0.249709156767689,0.485653935006325,-0.144485281617085,-0.119830492238174
"R-BZ-1",1.4906745590953,1.02945591162374,1.15540530346344,0.675522246306182,0.123942998155834,0.30725916676845,-1.32119087197652,0.175282183805129,-0.58685233533811,0.263194096226413
"R-BZ-3",-0.878566213671291,0.551335421359693,-0.817879003541627,0.483449727720889,-0.365240757461306,-0.0129481537418309,0.441116995241133,0.213056566660233,0.0835321176132892,-0.202997026738685
"R-BZ-5",-0.866581191610124,0.0817093600582515,-0.844535745632044,0.47164324357898,-0.399706692475404,0.00739232729799675,0.162451728069062,0.159951164841315,0.0385164414595213,-0.201182994148431
"R-BZ-6",-0.708635067129373,0.0904848638909193,-0.319169119294597,0.382840959498735,-0.393177687634955,0.0193127084081977,-1.6599742479453,0.0405005817582046,-0.0658355225496856,-0.133896049531212
"R-BZ-7",-0.663575907200306,0.0483429320348672,-0.204909876012443,0.284741290754904,-0.275857911939052,-0.124294460267343,-0.809513506014524,0.0641235286110729,0.120283240475372,-0.149464546447232
"R-CA-1",1.5473582105134,0.104961617814318,0.738783514846786,1.53636778029674,-2.98964559516919,0.1392416809166,0.431697449416619,0.239477638634332,-0.267557338363079,0.493400464951961
"R-CA-3",0.342357415960616,0.42049678504867,1.03198709877251,-1.14337290605713,-0.748590994463026,0.0762267334077773,-1.16786060432872,0.195429188971491,-0.190741017705156,0.067009068345139
"R-CA-5",-0.0708852370731842,0.544918290422895,0.463165462698226,-1.20746017871872,-0.561826094016548,0.0631659736819299,-1.04908306273753,0.307618572820095,-0.153705621632794,0.017536958951112
"R-CA-6",-0.552730808447799,-0.320361323559197,-0.27836599949311,-0.47213188834888,-0.273529616200719,0.0135551667330596,-0.921396707861138,0.48389681737453,-0.00161249667429064,-0.114858349674378
